Workbook

Sheet Metrics
A1: Resolution (NRE) | B1: 42430 | C1: 42461 | D1: 42491 | E1: 42522 | F1: 42552 | G1: 42583 | H1: 42614 | I1: 42644 | J1: 42675 | K1: 42705 | L1: 42736 | M1: 42767 | N1: 42795 | O1: 42826 | P1: 42856 | Q1: 42887 | R1: 42917 | S1: 42948 | T1: 42979 | U1: 43009 | V1: 43040 | W1: 43070 | X1: 43101 | Y1: 43132 | Z1: 43160 | AA1: 43191 | AB1: 43221 | AC1: 43696 | AD1: 43727 | AE1: 43739 | AF1: 43770 | AG1: 43800 | AH1: 43850 | AI1: 43881 | AJ1: 43910 | AK1: 43941 | AL1: 43971 | AM1: 44002 | AN1: 44032 | AO1: 44063 | AP1: 44095 | AQ1: 44125 | AR1: 44156 | AS1: 44186 | AT1: 44197 | AU1: 44229 | AV1: 44276 | AW1: 44307 | AX1: 44337 | AY1: 44368 | AZ1: 44398 | BA1: 44429 | BB1: 44460 | BC1: 44490 | BD1: 44521 | BE1: 44551 | BF1: 44583 | BG1: 44614 | BH1: 44642 | BI1: 44673 | BJ1: 44703 | BK1: 44734 | BL1: 44764 | BM1: 44795 | BN1: 44826 | BO1: 44856 | BP1: 44887 | BQ1: 44917 | BR1: 44948 | BS1: 44980 | BT1: 45008 | BU1: 45039 | BV1: 45069 | BW1: 45100 | BX1: 45130 | BY1: 45161 | BZ1: 45192 | CA1: 45222 | CB1: 45253 | CC1: 45283 | CD1: 45315 | CE1: 45346 | CF1: 45375 | CG1: 45406 | CH1: 45436 | CI1: 45467 | CJ1: 45497 | CK1: 45528 | CL1: 45559 | CM1: 45589 | CN1: 45621 | CO1: 45652 | CP1: 45684 | CQ1: 45716 | CR1: 45717 | CS1: 45749 | CT1: 45780 | CU1: 45812 | CV1: 45843 | CW1: 45875 | CX1: 45907 | CY1: 45938 | CZ1: 45970 | DA1: 46001 | DB1: 46033 | DC1: 46065 | DD1: 46094 | DE1: 46126 | DF1: 46157 | DG1: 46189 | DH1: 46220 | DI1: 46252 | DJ1: 46284 | DK1: 46296 | DL1: Cost Avoidance (2016 values) | DM1: Cost Avoidance (2017 values) | DN1: Resolution Costs Values (2018 Values) AVCOM - STAR | DO1: Resolution Costs Values (2019 Values) AVCOM - STAR | DP1: Resolution Costs Values (2020 Values) AVCOM - STAR | DQ1: Resolution Costs Values (2021 Values) SD-22/AVCOM - STAR | DR1: Resolution Costs Values (2022 Values) SD-22/AVCOM - STAR | DS1: Resolution Costs Values (2023 Values) SD-22/AVCOM - STAR | DT1: Resolution Costs Values (2024 Values) SD-22/AVCOM - STAR (SD-22 Page 148 6.3.4.1 Table 15 | DU1: Resolution Costs Values (2025 Values) SD-22/AVCOM - STAR (SD-22 Page 148 6.3.4.1 Table 16 | DV1: Source
A2: Existing Stock | B2: =3325-2733-497 -> 95 | C2: 121 | D2: =738-594 -> 144 | E2: 51 | F2: 77 | G2: 257 | H2: 119 | I2: 57 | J2: 381 | K2: 478 | L2: 358 | M2: 446 | N2: 131 | O2: 434 | P2: 69 | Q2: 69 | R2: 45 | S2: 190 | T2: 232 | U2: 213 | V2: 221 | W2: 168 | X2: 44 | Y2: 269 | Z2: 394 | AA2: 394 | AB2: 321 | AC2: 361 | AD2: 261 | AE2: 422 | AF2: 104 | AG2: 186 | AH2: 44 | AI2: 412 | AJ2: 113 | AK2: 1 | AL2: 168 | AM2: 338 | AN2: 19 | AO2: 2 | AP2: 42 | AQ2: 151 | AR2: 112 | AS2: 69 | AT2: 96 | AU2: 217 | AV2: 15 | AW2: 14 | AX2: 0 | AY2: 25 | AZ2: 22 | BA2: 27 | BB2: 55 | BC2: 46 | BD2: 49 | BE2: 36 | BF2: 115 | BG2: 5 | BH2: 3 | BI2: 9 | BJ2: 1 | BK2: 2 | BL2: 49 | BM2: 102 | BN2: 287 | BO2: 686 | BP2: 692 | BQ2: 605 | BR2: 914 | BS2: 421 | BT2: 567 | BU2: 748 | BV2: 1026 | BW2: 3 | BX2: 33 | BY2: 9 | BZ2: 27 | CA2: 0 | CB2: 0 | CC2: 16 | CD2: 28 | CE2: 4 | CF2: 4 | CG2: 2 | CH2: 212 | CI2: 511 | CJ2: 466 | CK2: 479 | CL2: 793 | CM2: 754 | CN2: 356 | CO2: 222 | CP2: 245 | CQ2: 275 | CR2: 267 | CS2: 405 | CT2: 229 | CU2: 272 | CV2: 221 | CW2: 256 | CX2: 362 | CY2: 308 | CZ2: 164 | DA2: 32 | DB2: 461 | DC2: 174 | DD2: 145 | DE2: 446 | DF2: 326 | DG2: 280 | DH2: 473 | DI2: 474 | DJ2: 234 | DK2: 290 | DL2: 2600 | DM2: 2700 | DN2: 1087 | DO2: 1108 | DP2: 1130 | DQ2: 1165 | DR2: 1186 | DS2: 1200 | DT2: 1258 | DU2: 1281 | DV2: Approved Item - DLA or AF Stock on Hand
A3: Reclamation | B3: =572-524-17 -> 31 | C3: 72 | D3: =2056-57-1666 -> 333 | E3: 52 | F3: 109 | G3: 156 | H3: 119 | I3: 60 | J3: 97 | K3: 366 | L3: 126 | M3: 234 | N3: 55 | O3: 61 | P3: 83 | Q3: 27 | R3: 73 | S3: 414 | T3: 602 | U3: 453 | V3: 164 | W3: 150 | X3: 168 | Y3: 258 | Z3: 686 | AA3: 686 | AB3: 120 | AC3: 373 | AD3: 324 | AE3: 377 | AF3: 247 | AG3: 212 | AH3: 72 | AI3: 470 | AJ3: 221 | AK3: 11 | AL3: 74 | AM3: 9 | AN3: 24 | AO3: 375 | AP3: 1 | AQ3: 43 | AR3: 12 | AS3: 17 | AT3: 17 | AU3: 38 | AV3: 25 | AW3: 82 | AX3: 78 | AY3: 99 | AZ3: 88 | BA3: 80 | BB3: 92 | BC3: 100 | BD3: 220 | BE3: 130 | BF3: 58 | BG3: 147 | BH3: 84 | BI3: 88 | BJ3: 50 | BK3: 70 | BL3: 381 | BM3: 498 | BN3: 158 | BO3: 275 | BP3: 104 | BQ3: 1 | BR3: 2 | BS3: 12 | BT3: 4 | BU3: 169 | BV3: 37 | BW3: 12 | BX3: 36 | BY3: 109 | BZ3: 50 | CA3: 18 | CB3: 0 | CC3: 67 | CD3: 95 | CE3: 326 | CF3: 119 | CG3: 29 | CH3: 95 | CI3: 348 | CJ3: 196 | CK3: 368 | CL3: 330 | CM3: 216 | CN3: 193 | CO3: 113 | CP3: 164 | CQ3: 74 | CR3: 107 | CS3: 189 | CT3: 105 | CU3: 170 | CV3: 131 | CW3: 208 | CX3: 399 | CY3: 382 | CZ3: 291 | DA3: 384 | DB3: 438 | DC3: 178 | DD3: 286 | DE3: 313 | DF3: 281 | DG3: 217 | DH3: 265 | DI3: 283 | DJ3: 495 | DK3: 294 | DL3: 6200 | DM3: 6300 | DN3: 5532 | DO3: 5642 | DP3: 5754 | DQ3: 5928 | DR3: 6035 | DS3: 6107 | DT3: 6399 | DU3: 6514 | DV3: Life Of Need Buy - Vendor (Found through ILSmart, Google, or other excess stock vendors)
A4: Alternate | B4: =99-48-39 -> 12 | C4: 16 | D4: =83-49 -> 34 | E4: 8 | F4: 21 | G4: 27 | H4: 28 | I4: 33 | J4: 37 | K4: 45 | L4: 8 | M4: 60 | N4: 8 | O4: 6 | P4: 13 | Q4: 13 | R4: 31 | S4: 9 | T4: 50 | U4: 11 | V4: 1 | W4: 1 | X4: 3 | Y4: 4 | Z4: 7 | AA4: 7 | AB4: 0 | AC4: 0 | AD4: 2 | AE4: 0 | AF4: 0 | AG4: 0 | AH4: 0 | AI4: 0 | AJ4: 0 | AK4: 0 | AL4: 0 | AM4: 0 | AN4: 0 | AO4: 0 | AP4: 0 | AQ4: 0 | AR4: 0 | AS4: 0 | AT4: 0 | AU4: 0 | AV4: 0 | AW4: 0 | AX4: 0 | AY4: 0 | AZ4: 0 | BA4: 0 | BB4: 0 | BC4: 0 | BD4: 0 | BE4: 0 | BF4: 0 | BG4: 0 | BH4: 0 | BI4: 0 | BJ4: 0 | BK4: 0 | BL4: 3 | BM4: 0 | BN4: 0 | BO4: 0 | BP4: 0 | BQ4: 0 | BR4: 0 | BS4: 0 | BT4: 0 | BU4: 0 | BV4: 0 | BW4: 0 | BX4: 0 | BY4: 0 | BZ4: 0 | CA4: 0 | CB4: 0 | CC4: 0 | CD4: 0 | CE4: 0 | CF4: 0 | CG4: 0 | CH4: 0 | CI4: 0 | CJ4: 0 | CK4: 0 | CL4: 0 | CM4: 0 | CN4: 0 | CO4: 0 | CP4: 0 | CQ4: 0 | CR4: 0 | CS4: 0 | CT4: 0 | CU4: 0 | CV4: 0 | CW4: 0 | CX4: 0 | CY4: 0 | CZ4: 0 | DA4: 0 | DB4: 0 | DC4: 0 | DD4: 0 | DE4: 0 | DF4: 0 | DG4: 0 | DH4: 0 | DI4: 0 | DJ4: 0 | DK4: 0 | DL4: 16200 | DM4: 16500 | DN4: 13296 | DO4: 13561 | DP4: 13832 | DQ4: 14247 | DR4: 14503 | DS4: 14678 | DT4: 15379 | DU4: 15656 | DV4: Simple Substitute - Workable part that is a suitable replacement for another part/NSN in any assembly with identical form, fit, and function (Multiple part numbers for the same NSN)
A5: Substitution | B5: 2 | C5: 3 | D5: 0 | E5: 0 | F5: 0 | G5: 1 | H5: 6 | I5: 4 | J5: 12 | K5: 7 | L5: 7 | M5: 14 | N5: 5 | O5: 2 | P5: 11 | Q5: 7 | R5: 3 | S5: 12 | T5: 35 | U5: 1 | V5: 3 | W5: 0 | X5: 0 | Y5: 1 | Z5: 4 | AA5: 4 | AB5: 0 | AC5: 0 | AD5: 0 | AE5: 0 | AF5: 0 | AG5: 0 | AH5: 0 | AI5: 0 | AJ5: 0 | AK5: 0 | AL5: 0 | AM5: 0 | AN5: 0 | AO5: 0 | AP5: 0 | AQ5: 0 | AR5: 0 | AS5: 0 | AT5: 0 | AU5: 0 | AV5: 0 | AW5: 0 | AX5: 0 | AY5: 0 | AZ5: 0 | BA5: 0 | BB5: 0 | BC5: 0 | BD5: 0 | BE5: 0 | BF5: 0 | BG5: 0 | BH5: 0 | BI5: 0 | BJ5: 0 | BK5: 0 | BL5: 0 | BM5: 0 | BN5: 0 | BO5: 0 | BP5: 0 | BQ5: 0 | BR5: 0 | BS5: 0 | BT5: 0 | BU5: 0 | BV5: 0 | BW5: 0 | BX5: 0 | BY5: 0 | BZ5: 0 | CA5: 0 | CB5: 0 | CC5: 0 | CD5: 0 | CE5: 0 | CF5: 0 | CG5: 0 | CH5: 0 | CI5: 0 | CJ5: 0 | CK5: 0 | CL5: 0 | CM5: 0 | CN5: 0 | CO5: 0 | CP5: 0 | CQ5: 0 | CR5: 0 | CS5: 0 | CT5: 0 | CU5: 0 | CV5: 0 | CW5: 0 | CX5: 0 | CY5: 0 | CZ5: 0 | DA5: 0 | DB5: 0 | DC5: 0 | DD5: 0 | DE5: 0 | DF5: 0 | DG5: 0 | DH5: 0 | DI5: 0 | DJ5: 0 | DK5: 0 | DL5: 40400 | DM5: 41200 | DN5: 26860 | DO5: 27397 | DP5: 27944 | DQ5: 28779 | DR5: 29297 | DS5: 29650 | DT5: 31068 | DU5: 31627 | DV5: Complex Substitute - A part that is a suitable replacement for another part in only one assembly (Manufacturer new part number)
A6: After Market | B6: 2 | C6: 7 | D6: 10 | E6: 2 | F6: 13 | G6: 1 | H6: 4 | I6: 0 | J6: 1 | K6: 12 | L6: 2 | M6: 6 | N6: 2 | O6: 5 | P6: 100 | Q6: 33 | R6: 38 | S6: 60 | T6: 62 | U6: 7 | V6: 0 | W6: 138 | X6: 4 | Y6: 1 | Z6: 38 | AA6: 38 | AB6: 0 | AC6: 0 | AD6: 0 | AE6: 0 | AF6: 0 | AG6: 0 | AH6: 0 | AI6: 0 | AJ6: 0 | AK6: 0 | AL6: 0 | AM6: 0 | AN6: 0 | AO6: 0 | AP6: 0 | AQ6: 0 | AR6: 0 | AS6: 0 | AT6: 0 | AU6: 0 | AV6: 0 | AW6: 0 | AX6: 0 | AY6: 0 | AZ6: 0 | BA6: 0 | BB6: 0 | BC6: 0 | BD6: 0 | BE6: 0 | BF6: 0 | BG6: 0 | BH6: 0 | BI6: 0 | BJ6: 0 | BK6: 0 | BL6: 0 | BM6: 0 | BN6: 0 | BO6: 0 | BP6: 0 | BQ6: 0 | BR6: 0 | BS6: 0 | BT6: 0 | BU6: 0 | BV6: 0 | BW6: 0 | BX6: 0 | BY6: 0 | BZ6: 0 | CA6: 0 | CB6: 0 | CC6: 0 | CD6: 0 | CE6: 0 | CF6: 0 | CG6: 0 | CH6: 0 | CI6: 0 | CJ6: 0 | CK6: 0 | CL6: 0 | CM6: 0 | CN6: 0 | CO6: 0 | CP6: 0 | CQ6: 0 | CR6: 0 | CS6: 0 | CT6: 0 | CU6: 0 | CV6: 0 | CW6: 0 | CX6: 0 | CY6: 0 | CZ6: 0 | DA6: 0 | DB6: 0 | DC6: 0 | DD6: 0 | DE6: 0 | DF6: 0 | DG6: 0 | DH6: 0 | DI6: 0 | DJ6: 0 | DK6: 0 | DL6: 28500 | DM6: 29100 | DV6: Part supplied from any manufacturer other than the OEM or past manufacturers listed (New manufacturer identified)
A7: Emulation | B7: 0 | C7: 0 | D7: 0 | E7: 0 | F7: 0 | G7: 0 | H7: 0 | I7: 0 | J7: 0 | K7: 0 | L7: 0 | M7: 1 | N7: 0 | O7: 0 | P7: 0 | Q7: 0 | R7: 0 | S7: 0 | T7: 0 | U7: 0 | V7: 0 | W7: 0 | X7: 0 | Y7: 0 | Z7: 0 | AA7: 0 | AB7: 0 | AC7: 0 | AD7: 0 | AE7: 0 | AF7: 0 | AG7: 0 | AH7: 0 | AI7: 0 | AJ7: 0 | AK7: 0 | AL7: 0 | AM7: 0 | AN7: 0 | AO7: 0 | AP7: 0 | AQ7: 0 | AR7: 0 | AS7: 0 | AT7: 0 | AU7: 0 | AV7: 0 | AW7: 0 | AX7: 0 | AY7: 0 | AZ7: 0 | BA7: 0 | BB7: 0 | BC7: 0 | BD7: 0 | BE7: 0 | BF7: 0 | BG7: 0 | BH7: 0 | BI7: 0 | BJ7: 0 | BK7: 0 | BL7: 0 | BM7: 0 | BN7: 0 | BO7: 0 | BP7: 0 | BQ7: 0 | BR7: 0 | BS7: 0 | BT7: 0 | BU7: 0 | BV7: 0 | BW7: 0 | BX7: 0 | BY7: 0 | BZ7: 0 | CA7: 0 | CB7: 0 | CC7: 0 | CD7: 0 | CE7: 0 | CF7: 0 | CG7: 0 | CH7: 0 | CI7: 0 | CJ7: 0 | CK7: 0 | CL7: 0 | CM7: 0 | CN7: 0 | CO7: 0 | CP7: 0 | CQ7: 0 | CR7: 0 | CS7: 0 | CT7: 0 | CU7: 0 | CV7: 0 | CW7: 0 | CX7: 0 | CY7: 0 | CZ7: 0 | DA7: 0 | DB7: 0 | DC7: 0 | DD7: 0 | DE7: 0 | DF7: 0 | DG7: 0 | DH7: 0 | DI7: 0 | DJ7: 0 | DK7: 0 | DL7: 59500 | DM7: 60600 | DV7: Provided solutions for obsolete microcircuits only (Eliminates CCA Redesign - New source identified other OEM or than past manufacturers)
A8: Volume of Work | B8: =SUM(B2:B7) -> 142 | C8: =SUM(C2:C7) -> 219 | D8: =SUM(D2:D7) -> 521 | E8: =SUM(E2:E7) -> 113 | F8: =SUM(F2:F7) -> 220 | G8: =SUM(G2:G7) -> 442 | H8: =SUM(H2:H7) -> 276 | I8: =SUM(I2:I7) -> 154 | ... DK8: =SUM(DK2:DK7) -> 584
A9: Cumulative | B9: 42430 | C9: 42461 | D9: 42491 | E9: 42522 | F9: 42552 | G9: 42583 | H9: 42614 | I9: 42644 | J9: 42675 | K9: 42705 | L9: 42736 | M9: 42767 | N9: 42795 | O9: 42826 | P9: 42856 | Q9: 42887 | R9: 42917 | S9: 42948 | T9: 42979 | U9: 43009 | V9: 43040 | W9: 43070 | X9: 43101 | Y9: 43132 | Z9: 43160 | AA9: 43191 | AB9: 43221 | AC9: 43696 | AD9: 43727 | AE9: 43739 | AF9: 43770 | AG9: 43800 | AH9: 43850 | AI9: 43881 | AJ9: 43910 | AK9: 43941 | AL9: 43971 | AM9: 44002 | AN9: 44032 | AO9: 44063 | AP9: 44095 | AQ9: 44125 | AR9: 44156 | AS9: 44186 | AT9: 44197 | AU9: 44229 | AV9: 44276 | AW9: 44307 | AX9: 44337 | AY9: 44368 | AZ9: 44398 | BA9: 44429 | BB9: 44460 | BC9: 44490 | BD9: 44521 | BE9: 44551 | BF9: 44583 | BG9: 44614 | BH9: 44642 | BI9: 44673 | BJ9: 44703 | BK9: 44734 | BL9: 44764 | BM9: 44795 | BN9: 44826 | BO9: 44856 | BP9: 44887 | BQ9: 44917 | BR9: 44948 | BS9: 44980 | BT9: 45008 | BU9: 45039 | BV9: 45069 | BW9: 45100 | BX9: 45130 | BY9: 45161 | BZ9: 45192 | CA9: 45222 | CB9: 45253 | CC9: 45283 | CD9: 45315 | CE9: 45346 | CF9: 45375 | CG9: 45406 | CH9: 45436 | CI9: 45467 | CJ9: 45497 | CK9: 45528 | CL9: 45559 | CM9: 45589 | CN9: 45621 | CO9: 45652 | CP9: 45684 | CQ9: 45716 | CR9: 45717 | CS9: 45749 | CT9: 45780 | CU9: 45812 | CV9: 45843 | CW9: 45875 | CX9: 45907 | CY9: 45938 | CZ9: 45970 | DA9: 46001 | DB9: 46033 | DC9: 46065 | DD9: 46094 | DE9: 46126 | DF9: 46157 | DG9: 46189 | DH9: 46220 | DI9: 46252 | DJ9: 46284 | DK9: 46296
A10: Existing Stock | B10: =Metrics!B2 -> 95 | C10: =B10+Metrics!C2 -> 216 | D10: =C10+Metrics!D2 -> 360 | E10: =D10+Metrics!E2 -> 411 | F10: =E10+Metrics!F2 -> 488 | G10: =F10+Metrics!G2 -> 745 | H10: =G10+Metrics!H2 -> 864 | I10: =H10+Metrics!I2 -> 921 | J10: =I10+Metrics!J2 -> 1302 | ... P10: =O10+Metrics!P2 -> 3218 | Q10: =IF(Q2="","",P10+Metrics!Q2) -> 3287 | R10: =IF(R2="","",Q10+Metrics!R2) -> 3332 | S10: =IF(S2="","",R10+Metrics!S2) -> 3522 | T10: =IF(T2="","",S10+Metrics!T2) -> 3754 | U10: =IF(U2="","",T10+Metrics!U2) -> 3967 | V10: =IF(V2="","",U10+Metrics!V2) -> 4188 | W10: =IF(W2="","",V10+Metrics!W2) -> 4356 | X10: =IF(X2="","",W10+Metrics!X2) -> 4400 | ... DK10: =IF(DK2="","",DJ10+Metrics!DK2) -> 25675
A11: Reclamation | B11: =Metrics!B3 -> 31 | C11: =B11+Metrics!C3 -> 103 | D11: =C11+Metrics!D3 -> 436 | E11: =D11+Metrics!E3 -> 488 | F11: =E11+Metrics!F3 -> 597 | G11: =F11+Metrics!G3 -> 753 | H11: =G11+Metrics!H3 -> 872 | I11: =H11+Metrics!I3 -> 932 | J11: =I11+Metrics!J3 -> 1029 | ... P11: =O11+Metrics!P3 -> 1954 | Q11: =IF(Q3="","",P11+Metrics!Q3) -> 1981 | R11: =IF(R3="","",Q11+Metrics!R3) -> 2054 | S11: =IF(S3="","",R11+Metrics!S3) -> 2468 | T11: =IF(T3="","",S11+Metrics!T3) -> 3070 | U11: =IF(U3="","",T11+Metrics!U3) -> 3523 | V11: =IF(V3="","",U11+Metrics!V3) -> 3687 | W11: =IF(W3="","",V11+Metrics!W3) -> 3837 | X11: =IF(X3="","",W11+Metrics!X3) -> 4005 | ... AE11: =IF(AE3="","",AD11+Metrics!AE3) -> 6829 | AF11: =IF(AF3="","",AD11+Metrics!AF3) -> 6699 | AG11: =IF(AG3="","",AE11+Metrics!AG3) -> 7041 | AH11: =IF(AH3="","",AG11+Metrics!AH3) -> 7113 | AI11: =IF(AI3="","",AH11+Metrics!AI3) -> 7583 | AJ11: =IF(AJ3="","",AI11+Metrics!AJ3) -> 7804 | AK11: =IF(AK3="","",AJ11+Metrics!AK3) -> 7815 | AL11: =IF(AL3="","",AK11+Metrics!AL3) -> 7889 | AM11: =IF(AM3="","",AL11+Metrics!AM3) -> 7898 | AN11: =IF(AN3="","",AM11+Metrics!AN3) -> 7922 | AO11: =IF(AO3="","",AN11+Metrics!AO3) -> 8297 | ... DK11: =IF(DK3="","",DJ11+Metrics!DK3) -> 19931
A12: Alternate | B12: =Metrics!B4 -> 12 | C12: =B12+Metrics!C4 -> 28 | D12: =C12+Metrics!D4 -> 62 | E12: =D12+Metrics!E4 -> 70 | F12: =E12+Metrics!F4 -> 91 | G12: =F12+Metrics!G4 -> 118 | H12: =G12+Metrics!H4 -> 146 | I12: =H12+Metrics!I4 -> 179 | J12: =I12+Metrics!J4 -> 216 | ... P12: =O12+Metrics!P4 -> 356 | Q12: =IF(Q4="","",P12+Metrics!Q4) -> 369 | R12: =IF(R4="","",Q12+Metrics!R4) -> 400 | S12: =IF(S4="","",R12+Metrics!S4) -> 409 | T12: =IF(T4="","",S12+Metrics!T4) -> 459 | U12: =IF(U4="","",T12+Metrics!U4) -> 470 | V12: =IF(V4="","",U12+Metrics!V4) -> 471 | W12: =IF(W4="","",V12+Metrics!W4) -> 472 | X12: =IF(X4="","",W12+Metrics!X4) -> 475 | ... AE12: =IF(AE4="","",AD12+Metrics!AE4) -> 495 | AF12: =IF(AF4="","",AD12+Metrics!AF4) -> 495 | AG12: =IF(AG4="","",AE12+Metrics!AG4) -> 495 | AH12: =IF(AH4="","",AF12+Metrics!AH4) -> 495 | AI12: =IF(AI4="","",AG12+Metrics!AI4) -> 495 | AJ12: =IF(AJ4="","",AH12+Metrics!AJ4) -> 495 | AK12: =IF(AK4="","",AI12+Metrics!AK4) -> 495 | AL12: =IF(AL4="","",AJ12+Metrics!AL4) -> 495 | AM12: =IF(AM4="","",AK12+Metrics!AM4) -> 495 | ... AT12: =IF(AT4="","",AR12+Metrics!AT4) -> 495 | AU12: =IF(AU4="","",AT12+Metrics!AU4) -> 495 | AV12: =IF(AV4="","",AU12+Metrics!AV4) -> 495 | AW12: =IF(AW4="","",AV12+Metrics!AW4) -> 495 | AX12: =IF(AX4="","",AW12+Metrics!AX4) -> 495 | AY12: =IF(AY4="","",AX12+Metrics!AY4) -> 495 | AZ12: =IF(AZ4="","",AY12+Metrics!AZ4) -> 495 | BA12: =IF(BA4="","",AZ12+Metrics!BA4) -> 495 | BB12: =IF(BB4="","",BA12+Metrics!BB4) -> 495 | ... DK12: =IF(DK4="","",DJ12+Metrics!DK4) -> 498
A13: Substitution | B13: =Metrics!B5 -> 2 | C13: =B13+Metrics!C5 -> 5 | D13: =C13+Metrics!D5 -> 5 | E13: =D13+Metrics!E5 -> 5 | F13: =E13+Metrics!F5 -> 5 | G13: =F13+Metrics!G5 -> 6 | H13: =G13+Metrics!H5 -> 12 | I13: =H13+Metrics!I5 -> 16 | J13: =I13+Metrics!J5 -> 28 | ... P13: =O13+Metrics!P5 -> 74 | Q13: =IF(Q5="","",P13+Metrics!Q5) -> 81 | R13: =IF(R5="","",Q13+Metrics!R5) -> 84 | S13: =IF(S5="","",R13+Metrics!S5) -> 96 | T13: =IF(T5="","",S13+Metrics!T5) -> 131 | U13: =IF(U5="","",T13+Metrics!U5) -> 132 | V13: =IF(V5="","",U13+Metrics!V5) -> 135 | W13: =IF(W5="","",V13+Metrics!W5) -> 135 | X13: =IF(X5="","",W13+Metrics!X5) -> 135 | ... AE13: =IF(AE5="","",AD13+Metrics!AE5) -> 144 | AF13: =IF(AF5="","",AD13+Metrics!AF5) -> 144 | AG13: =IF(AG5="","",AE13+Metrics!AG5) -> 144 | AH13: =IF(AH5="","",AF13+Metrics!AH5) -> 144 | AI13: =IF(AI5="","",AG13+Metrics!AI5) -> 144 | AJ13: =IF(AJ5="","",AH13+Metrics!AJ5) -> 144 | AK13: =IF(AK5="","",AI13+Metrics!AK5) -> 144 | AL13: =IF(AL5="","",AJ13+Metrics!AL5) -> 144 | AM13: =IF(AM5="","",AK13+Metrics!AM5) -> 144 | ... AT13: =IF(AT5="","",AR13+Metrics!AT5) -> 144 | AU13: =IF(AU5="","",AT13+Metrics!AU5) -> 144 | AV13: =IF(AV5="","",AU13+Metrics!AV5) -> 144 | AW13: =IF(AW5="","",AV13+Metrics!AW5) -> 144 | AX13: =IF(AX5="","",AW13+Metrics!AX5) -> 144 | AY13: =IF(AY5="","",AX13+Metrics!AY5) -> 144 | AZ13: =IF(AZ5="","",AY13+Metrics!AZ5) -> 144 | BA13: =IF(BA5="","",AZ13+Metrics!BA5) -> 144 | BB13: =IF(BB5="","",BA13+Metrics!BB5) -> 144 | ... DK13: =IF(DK5="","",DJ13+Metrics!DK5) -> 144
A14: After Market | B14: =Metrics!B6 -> 2 | C14: =B14+Metrics!C6 -> 9 | D14: =C14+Metrics!D6 -> 19 | E14: =D14+Metrics!E6 -> 21 | F14: =E14+Metrics!F6 -> 34 | G14: =F14+Metrics!G6 -> 35 | H14: =G14+Metrics!H6 -> 39 | I14: =H14+Metrics!I6 -> 39 | J14: =I14+Metrics!J6 -> 40 | ... P14: =O14+Metrics!P6 -> 167 | Q14: =IF(Q6="","",P14+Metrics!Q6) -> 200 | R14: =IF(R6="","",Q14+Metrics!R6) -> 238 | S14: =IF(S6="","",R14+Metrics!S6) -> 298 | T14: =IF(T6="","",S14+Metrics!T6) -> 360 | U14: =IF(U6="","",T14+Metrics!U6) -> 367 | V14: =IF(V6="","",U14+Metrics!V6) -> 367 | W14: =IF(W6="","",V14+Metrics!W6) -> 505 | X14: =IF(X6="","",W14+Metrics!X6) -> 509 | ... AE14: =IF(AE6="","",AD14+Metrics!AE6) -> 586 | AF14: =IF(AF6="","",AD14+Metrics!AF6) -> 586 | AG14: =IF(AG6="","",AE14+Metrics!AG6) -> 586 | AH14: =IF(AH6="","",AF14+Metrics!AH6) -> 586 | AI14: =IF(AI6="","",AG14+Metrics!AI6) -> 586 | AJ14: =IF(AJ6="","",AH14+Metrics!AJ6) -> 586 | AK14: =IF(AK6="","",AI14+Metrics!AK6) -> 586 | AL14: =IF(AL6="","",AJ14+Metrics!AL6) -> 586 | AM14: =IF(AM6="","",AK14+Metrics!AM6) -> 586 | ... AT14: =IF(AT6="","",AR14+Metrics!AT6) -> 586 | AU14: =IF(AU6="","",AT14+Metrics!AU6) -> 586 | AV14: =IF(AV6="","",AU14+Metrics!AV6) -> 586 | AW14: =IF(AW6="","",AV14+Metrics!AW6) -> 586 | AX14: =IF(AX6="","",AW14+Metrics!AX6) -> 586 | AY14: =IF(AY6="","",AX14+Metrics!AY6) -> 586 | AZ14: =IF(AZ6="","",AY14+Metrics!AZ6) -> 586 | BA14: =IF(BA6="","",AZ14+Metrics!BA6) -> 586 | BB14: =IF(BB6="","",BA14+Metrics!BB6) -> 586 | ... DK14: =IF(DK6="","",DJ14+Metrics!DK6) -> 586
A15: Emulation | B15: =Metrics!B7 -> 0 | C15: =B15+Metrics!C7 -> 0 | D15: =C15+Metrics!D7 -> 0 | E15: =D15+Metrics!E7 -> 0 | F15: =E15+Metrics!F7 -> 0 | G15: =F15+Metrics!G7 -> 0 | H15: =G15+Metrics!H7 -> 0 | I15: =H15+Metrics!I7 -> 0 | J15: =I15+Metrics!J7 -> 0 | ... P15: =O15+Metrics!P7 -> 1 | Q15: =IF(Q7="","",P15+Metrics!Q7) -> 1 | R15: =IF(R7="","",Q15+Metrics!R7) -> 1 | S15: =IF(S7="","",R15+Metrics!S7) -> 1 | T15: =IF(T7="","",S15+Metrics!T7) -> 1 | U15: =IF(U7="","",T15+Metrics!U7) -> 1 | V15: =IF(V7="","",U15+Metrics!V7) -> 1 | W15: =IF(W7="","",V15+Metrics!W7) -> 1 | X15: =IF(X7="","",W15+Metrics!X7) -> 1 | ... AE15: =IF(AE7="","",AD15+Metrics!AE7) -> 1 | AF15: =IF(AF7="","",AD15+Metrics!AF7) -> 1 | AG15: =IF(AG7="","",AE15+Metrics!AG7) -> 1 | AH15: =IF(AH7="","",AF15+Metrics!AH7) -> 1 | AI15: =IF(AI7="","",AG15+Metrics!AI7) -> 1 | AJ15: =IF(AJ7="","",AH15+Metrics!AJ7) -> 1 | AK15: =IF(AK7="","",AI15+Metrics!AK7) -> 1 | AL15: =IF(AL7="","",AJ15+Metrics!AL7) -> 1 | AM15: =IF(AM7="","",AK15+Metrics!AM7) -> 1 | ... AT15: =IF(AT7="","",AR15+Metrics!AT7) -> 1 | AU15: =IF(AU7="","",AT15+Metrics!AU7) -> 1 | AV15: =IF(AV7="","",AU15+Metrics!AV7) -> 1 | AW15: =IF(AW7="","",AV15+Metrics!AW7) -> 1 | AX15: =IF(AX7="","",AW15+Metrics!AX7) -> 1 | AY15: =IF(AY7="","",AX15+Metrics!AY7) -> 1 | AZ15: =IF(AZ7="","",AY15+Metrics!AZ7) -> 1 | BA15: =IF(BA7="","",AZ15+Metrics!BA7) -> 1 | BB15: =IF(BB7="","",BA15+Metrics!BB7) -> 1 | ... DK15: =IF(DK7="","",DJ15+Metrics!DK7) -> 1
A16: Total | B16: =SUM(B10:B15) -> 142 | C16: =SUM(C10:C15) -> 361 | D16: =SUM(D10:D15) -> 882 | E16: =SUM(E10:E15) -> 995 | F16: =SUM(F10:F15) -> 1215 | G16: =SUM(G10:G15) -> 1657 | H16: =SUM(H10:H15) -> 1933 | I16: =SUM(I10:I15) -> 2087 | ... DK16: =SUM(DK10:DK15) -> 46835
A17: Cost Avoidance ($) Cumulative | B17: 42430 | C17: 42461 | D17: 42491 | E17: 42522 | F17: 42552 | G17: 42583 | H17: 42614 | I17: 42644 | J17: 42675 | K17: 42705 | L17: 42736 | M17: 42767 | N17: 42795 | O17: 42826 | P17: 42856 | Q17: 42887 | R17: 42917 | S17: 42948 | T17: 42979 | U17: 43009 | V17: 43040 | W17: 43070 | X17: 43101 | Y17: 43132 | Z17: 43160 | AA17: 43191 | AB17: 43221 | AC17: 43696 | AD17: 43727 | AE17: 43739 | AF17: 43770 | AG17: 43800 | AH17: 43850 | AI17: 43881 | AJ17: 43910 | AK17: 43941 | AL17: 43971 | AM17: 44002 | AN17: 44032 | AO17: 44063 | AP17: 44095 | AQ17: 44125 | AR17: 44156 | AS17: 44186 | AT17: 44197 | AU17: 44229 | AV17: 44276 | AW17: 44307 | AX17: 44337 | AY17: 44368 | AZ17: 44398 | BA17: 44429 | BB17: 44460 | BC17: 44490 | BD17: 44521 | BE17: 44551 | BF17: 44583 | BG17: 44614 | BH17: 44642 | BI17: 44673 | BJ17: 44703 | BK17: 44734 | BL17: 44764 | BM17: 44795 | BN17: 44826 | BO17: 44856 | BP17: 44887 | BQ17: 44917 | BR17: 44948 | BS17: 44980 | BT17: 45008 | BU17: 45039 | BV17: 45069 | BW17: 45100 | BX17: 45130 | BY17: 45161 | BZ17: 45192 | CA17: 45222 | CB17: 45253 | CC17: 45283 | CD17: 45315 | CE17: 45346 | CF17: 45375 | CG17: 45406 | CH17: 45436 | CI17: 45467 | CJ17: 45497 | CK17: 45528 | CL17: 45559 | CM17: 45589 | CN17: 45621 | CO17: 45652 | CP17: 45684 | CQ17: 45716 | CR17: 45717 | CS17: 45749 | CT17: 45780 | CU17: 45812 | CV17: 45843 | CW17: 45875 | CX17: 45907 | CY17: 45938 | CZ17: 45970 | DA17: 46001 | DB17: 46033 | DC17: 46065 | DD17: 46094 | DE17: 46126 | DF17: 46157 | DG17: 46189 | DH17: 46220 | DI17: 46252 | DJ17: 46284 | DK17: 46296
A18: Existing Stock | B18: =Metrics!B10*Metrics!$DL2 -> 247000 | C18: =Metrics!C10*Metrics!$DL2 -> 561600 | D18: =Metrics!D10*Metrics!$DL2 -> 936000 | E18: =Metrics!E10*Metrics!$DL2 -> 1068600 | F18: =Metrics!F10*Metrics!$DL2 -> 1268800 | G18: =Metrics!G10*Metrics!$DL2 -> 1937000 | H18: =Metrics!H10*Metrics!$DL2 -> 2246400 | I18: =Metrics!I10*Metrics!$DL2 -> 2394600 | ... K18: =Metrics!K10*Metrics!$DL2 -> 4628000 | L18: =(Metrics!L10-Metrics!$K10)*Metrics!$DM2+Metrics!$K18 -> 5594600 | M18: =(Metrics!M10-Metrics!$K10)*Metrics!$DM2+Metrics!$K18 -> 6798800 | N18: =(Metrics!N10-Metrics!$K10)*Metrics!$DM2+Metrics!$K18 -> 7152500 | O18: =(Metrics!O10-Metrics!$K10)*Metrics!$DM2+Metrics!$K18 -> 8324300 | P18: =(Metrics!P10-Metrics!$K10)*Metrics!$DM2+Metrics!$K18 -> 8510600 | Q18: =IF(Q2="","",((Metrics!Q10-Metrics!$K10)*Metrics!$DM2+Metrics!$K18)) -> 8696900 | R18: =IF(R2="","",((Metrics!R10-Metrics!$K10)*Metrics!$DM2+Metrics!$K18)) -> 8818400 | S18: =IF(S2="","",((Metrics!S10-Metrics!$K10)*Metrics!$DM2+Metrics!$K18)) -> 9331400 | T18: =IF(T2="","",((Metrics!T10-Metrics!$K10)*Metrics!$DM2+Metrics!$K18)) -> 9957800 | U18: =IF(U2="","",((Metrics!U10-Metrics!$K10)*Metrics!$DM2+Metrics!$K18)) -> 10532900 | V18: =IF(V2="","",((Metrics!V10-Metrics!$K10)*Metrics!$DM2+Metrics!$K18)) -> 11129600 | W18: =IF(W2="","",((Metrics!W10-Metrics!$K10)*Metrics!$DM2+Metrics!$K18)) -> 11583200 | X18: =W18+X26 -> 11631028 | Y18: =X18+Y26 -> 11923431 | Z18: =Y18+Z26 -> 12351709 | AA18: =Z18+AA26 -> 12779987 | AB18: =AA18+AB26 -> 13128914 | AC18: =AB18+AC26 -> 13528902 | AD18: =AC18+AD26 -> 13818090 | AE18: =AD18+AE26 -> 14285666 | ... DK18: =DJ18+DK26 -> 37520496
A19: Reclamation | B19: =Metrics!B11*Metrics!$DL3 -> 192200 | C19: =Metrics!C11*Metrics!$DL3 -> 638600 | D19: =Metrics!D11*Metrics!$DL3 -> 2703200 | E19: =Metrics!E11*Metrics!$DL3 -> 3025600 | F19: =Metrics!F11*Metrics!$DL3 -> 3701400 | G19: =Metrics!G11*Metrics!$DL3 -> 4668600 | H19: =Metrics!H11*Metrics!$DL3 -> 5406400 | I19: =Metrics!I11*Metrics!$DL3 -> 5778400 | ... K19: =Metrics!K11*Metrics!$DL3 -> 8649000 | L19: =(Metrics!L11-Metrics!$K11)*Metrics!$DM3+Metrics!$K19 -> 9442800 | M19: =(Metrics!M11-Metrics!$K11)*Metrics!$DM3+Metrics!$K19 -> 10917000 | N19: =(Metrics!N11-Metrics!$K11)*Metrics!$DM3+Metrics!$K19 -> 11263500 | O19: =(Metrics!O11-Metrics!$K11)*Metrics!$DM3+Metrics!$K19 -> 11647800 | P19: =(Metrics!P11-Metrics!$K11)*Metrics!$DM3+Metrics!$K19 -> 12170700 | Q19: =IF(Q3="","",((Metrics!Q11-Metrics!$K11)*Metrics!$DM3+Metrics!$K19)) -> 12340800 | R19: =IF(R3="","",((Metrics!R11-Metrics!$K11)*Metrics!$DM3+Metrics!$K19)) -> 12800700 | S19: =IF(S3="","",((Metrics!S11-Metrics!$K11)*Metrics!$DM3+Metrics!$K19)) -> 15408900 | T19: =IF(T3="","",((Metrics!T11-Metrics!$K11)*Metrics!$DM3+Metrics!$K19)) -> 19201500 | U19: =IF(U3="","",((Metrics!U11-Metrics!$K11)*Metrics!$DM3+Metrics!$K19)) -> 22055400 | V19: =IF(V3="","",((Metrics!V11-Metrics!$K11)*Metrics!$DM3+Metrics!$K19)) -> 23088600 | W19: =IF(W3="","",((Metrics!W11-Metrics!$K11)*Metrics!$DM3+Metrics!$K19)) -> 24033600 | X19: =W19+X27 -> 24962976 | Y19: =X19+Y27 -> 26390232 | Z19: =Y19+Z27 -> 30185184 | AA19: =Z19+AA27 -> 33980136 | AB19: =AA19+AB27 -> 34643976 | AC19: =AB19+AC27 -> 36748442 | AD19: =AC19+AD27 -> 38576450 | AE19: =AD19+AE27 -> 40703484 | ... DK19: =DJ19+DK27 -> 124388190
A20: Alternate | B20: =Metrics!B12*Metrics!$DL4 -> 194400 | C20: =Metrics!C12*Metrics!$DL4 -> 453600 | D20: =Metrics!D12*Metrics!$DL4 -> 1004400 | E20: =Metrics!E12*Metrics!$DL4 -> 1134000 | F20: =Metrics!F12*Metrics!$DL4 -> 1474200 | G20: =Metrics!G12*Metrics!$DL4 -> 1911600 | H20: =Metrics!H12*Metrics!$DL4 -> 2365200 | I20: =Metrics!I12*Metrics!$DL4 -> 2899800 | ... K20: =Metrics!K12*Metrics!$DL4 -> 4228200 | L20: =(Metrics!L12-Metrics!$K12)*Metrics!$DM4+Metrics!$K20 -> 4360200 | M20: =(Metrics!M12-Metrics!$K12)*Metrics!$DM4+Metrics!$K20 -> 5350200 | N20: =(Metrics!N12-Metrics!$K12)*Metrics!$DM4+Metrics!$K20 -> 5482200 | O20: =(Metrics!O12-Metrics!$K12)*Metrics!$DM4+Metrics!$K20 -> 5581200 | P20: =(Metrics!P12-Metrics!$K12)*Metrics!$DM4+Metrics!$K20 -> 5795700 | Q20: =IF(Q4="","",((Metrics!Q12-Metrics!$K12)*Metrics!$DM4+Metrics!$K20)) -> 6010200 | R20: =IF(R4="","",((Metrics!R12-Metrics!$K12)*Metrics!$DM4+Metrics!$K20)) -> 6521700 | S20: =IF(S4="","",((Metrics!S12-Metrics!$K12)*Metrics!$DM4+Metrics!$K20)) -> 6670200 | T20: =IF(T4="","",((Metrics!T12-Metrics!$K12)*Metrics!$DM4+Metrics!$K20)) -> 7495200 | U20: =IF(U4="","",((Metrics!U12-Metrics!$K12)*Metrics!$DM4+Metrics!$K20)) -> 7676700 | V20: =IF(V4="","",((Metrics!V12-Metrics!$K12)*Metrics!$DM4+Metrics!$K20)) -> 7693200 | W20: =IF(W4="","",((Metrics!W12-Metrics!$K12)*Metrics!$DM4+Metrics!$K20)) -> 7709700 | X20: =W20+X28 -> 7749588 | Y20: =X20+Y28 -> 7802772 | Z20: =Y20+Z28 -> 7895844 | AA20: =Z20+AA28 -> 7988916 | AB20: =AA20+AB28 -> 7988916 | AC20: =AB20+AC28 -> 7988916 | AD20: =AC20+AD28 -> 8016038 | AE20: =AD20+AE28 -> 8016038 | ... DK20: =DJ20+DK28 -> 8059547
A21: Substitution | B21: =Metrics!B13*Metrics!$DL5 -> 80800 | C21: =Metrics!C13*Metrics!$DL5 -> 202000 | D21: =Metrics!D13*Metrics!$DL5 -> 202000 | E21: =Metrics!E13*Metrics!$DL5 -> 202000 | F21: =Metrics!F13*Metrics!$DL5 -> 202000 | G21: =Metrics!G13*Metrics!$DL5 -> 242400 | H21: =Metrics!H13*Metrics!$DL5 -> 484800 | I21: =Metrics!I13*Metrics!$DL5 -> 646400 | ... K21: =Metrics!K13*Metrics!$DL5 -> 1414000 | L21: =(Metrics!L13-Metrics!$K13)*Metrics!$DM5+Metrics!$K21 -> 1702400 | M21: =(Metrics!M13-Metrics!$K13)*Metrics!$DM5+Metrics!$K21 -> 2279200 | N21: =(Metrics!N13-Metrics!$K13)*Metrics!$DM5+Metrics!$K21 -> 2485200 | O21: =(Metrics!O13-Metrics!$K13)*Metrics!$DM5+Metrics!$K21 -> 2567600 | P21: =(Metrics!P13-Metrics!$K13)*Metrics!$DM5+Metrics!$K21 -> 3020800 | Q21: =IF(Q5="","",((Metrics!Q13-Metrics!$K13)*Metrics!$DM5+Metrics!$K21)) -> 3309200 | R21: =IF(R5="","",((Metrics!R13-Metrics!$K13)*Metrics!$DM5+Metrics!$K21)) -> 3432800 | S21: =IF(S5="","",((Metrics!S13-Metrics!$K13)*Metrics!$DM5+Metrics!$K21)) -> 3927200 | T21: =IF(T5="","",((Metrics!T13-Metrics!$K13)*Metrics!$DM5+Metrics!$K21)) -> 5369200 | U21: =IF(U5="","",((Metrics!U13-Metrics!$K13)*Metrics!$DM5+Metrics!$K21)) -> 5410400 | V21: =IF(V5="","",((Metrics!V13-Metrics!$K13)*Metrics!$DM5+Metrics!$K21)) -> 5534000 | W21: =IF(W5="","",((Metrics!W13-Metrics!$K13)*Metrics!$DM5+Metrics!$K21)) -> 5534000 | X21: =W21+X29 -> 5534000 | Y21: =X21+Y29 -> 5560860 | Z21: =Y21+Z29 -> 5668300 | AA21: =Z21+AA29 -> 5775740 | AB21: =AA21+AB29 -> 5775740 | AC21: =AB21+AC29 -> 5775740 | AD21: =AC21+AD29 -> 5775740 | AE21: =AD21+AE29 -> 5775740 | ... DK21: =DJ21+DK29 -> 5775740
A22: After Market | B22: =Metrics!B14*Metrics!$DL6 -> 57000 | C22: =Metrics!C14*Metrics!$DL6 -> 256500 | D22: =Metrics!D14*Metrics!$DL6 -> 541500 | E22: =Metrics!E14*Metrics!$DL6 -> 598500 | F22: =Metrics!F14*Metrics!$DL6 -> 969000 | G22: =Metrics!G14*Metrics!$DL6 -> 997500 | H22: =Metrics!H14*Metrics!$DL6 -> 1111500 | I22: =Metrics!I14*Metrics!$DL6 -> 1111500 | ... K22: =Metrics!K14*Metrics!$DL6 -> 1482000 | L22: =(Metrics!L14-Metrics!$K14)*Metrics!$DM6+Metrics!$K22 -> 1540200 | M22: =(Metrics!M14-Metrics!$K14)*Metrics!$DM6+Metrics!$K22 -> 1714800 | N22: =(Metrics!N14-Metrics!$K14)*Metrics!$DM6+Metrics!$K22 -> 1773000 | O22: =(Metrics!O14-Metrics!$K14)*Metrics!$DM6+Metrics!$K22 -> 1918500 | P22: =(Metrics!P14-Metrics!$K14)*Metrics!$DM6+Metrics!$K22 -> 4828500 | Q22: =IF(Q6="","",((Metrics!Q14-Metrics!$K14)*Metrics!$DM6+Metrics!$K22)) -> 5788800 | R22: =IF(R6="","",((Metrics!R14-Metrics!$K14)*Metrics!$DM6+Metrics!$K22)) -> 6894600 | S22: =IF(S6="","",((Metrics!S14-Metrics!$K14)*Metrics!$DM6+Metrics!$K22)) -> 8640600 | T22: =IF(T6="","",((Metrics!T14-Metrics!$K14)*Metrics!$DM6+Metrics!$K22)) -> 10444800 | U22: =IF(U6="","",((Metrics!U14-Metrics!$K14)*Metrics!$DM6+Metrics!$K22)) -> 10648500 | V22: =IF(V6="","",((Metrics!V14-Metrics!$K14)*Metrics!$DM6+Metrics!$K22)) -> 10648500 | W22: =IF(W6="","",((Metrics!W14-Metrics!$K14)*Metrics!$DM6+Metrics!$K22)) -> 14664300 | X22: =W22+X30 -> 14664300 | Y22: =X22+Y30 -> 14664300 | Z22: =Y22+Z30 -> 14664300 | AA22: =Z22+AA30 -> 14664300 | AB22: =AA22+AB30 -> 14664300 | AC22: =AB22+AC30 -> 14664300 | AD22: =AC22+AD30 -> 14664300 | AE22: =AD22+AE30 -> 14664300 | ... DK22: =DJ22+DK30 -> 14664300
A23: Emulation | B23: =Metrics!B15*Metrics!$DL7 -> 0 | C23: =Metrics!C15*Metrics!$DL7 -> 0 | D23: =Metrics!D15*Metrics!$DL7 -> 0 | E23: =Metrics!E15*Metrics!$DL7 -> 0 | F23: =Metrics!F15*Metrics!$DL7 -> 0 | G23: =Metrics!G15*Metrics!$DL7 -> 0 | H23: =Metrics!H15*Metrics!$DL7 -> 0 | I23: =Metrics!I15*Metrics!$DL7 -> 0 | ... K23: =Metrics!K15*Metrics!$DL7 -> 0 | L23: =(Metrics!L15-Metrics!$K15)*Metrics!$DM7+Metrics!$K23 -> 0 | M23: =(Metrics!M15-Metrics!$K15)*Metrics!$DM7+Metrics!$K23 -> 60600 | N23: =(Metrics!N15-Metrics!$K15)*Metrics!$DM7+Metrics!$K23 -> 60600 | O23: =(Metrics!O15-Metrics!$K15)*Metrics!$DM7+Metrics!$K23 -> 60600 | P23: =(Metrics!P15-Metrics!$K15)*Metrics!$DM7+Metrics!$K23 -> 60600 | Q23: =IF(Q7="","",((Metrics!Q15-Metrics!$K15)*Metrics!$DM7+Metrics!$K23)) -> 60600 | R23: =IF(R7="","",((Metrics!R15-Metrics!$K15)*Metrics!$DM7+Metrics!$K23)) -> 60600 | S23: =IF(S7="","",((Metrics!S15-Metrics!$K15)*Metrics!$DM7+Metrics!$K23)) -> 60600 | T23: =IF(T7="","",((Metrics!T15-Metrics!$K15)*Metrics!$DM7+Metrics!$K23)) -> 60600 | U23: =IF(U7="","",((Metrics!U15-Metrics!$K15)*Metrics!$DM7+Metrics!$K23)) -> 60600 | V23: =IF(V7="","",((Metrics!V15-Metrics!$K15)*Metrics!$DM7+Metrics!$K23)) -> 60600 | W23: =IF(W7="","",((Metrics!W15-Metrics!$K15)*Metrics!$DM7+Metrics!$K23)) -> 60600 | X23: =W23+X31 -> 60600 | Y23: =X23+Y31 -> 60600 | Z23: =Y23+Z31 -> 60600 | AA23: =Z23+AA31 -> 60600 | AB23: =AA23+AB31 -> 60600 | AC23: =AB23+AC31 -> 60600 | AD23: =AC23+AD31 -> 60600 | AE23: =AD23+AE31 -> 60600 | ... DK23: =DJ23+DK31 -> 60600
A24: Total | B24: =SUM(B18:B23) -> 771400 | C24: =SUM(C18:C23) -> 2112300 | D24: =SUM(D18:D23) -> 5387100 | E24: =SUM(E18:E23) -> 6028700 | F24: =SUM(F18:F23) -> 7615400 | G24: =SUM(G18:G23) -> 9757100 | H24: =SUM(H18:H23) -> 11614300 | I24: =SUM(I18:I23) -> 12830700 | ... DK24: =SUM(DK18:DK23) -> 190468873
A25: Cost Avoidance ($) | B25: 42430 | C25: 42461 | D25: 42491 | E25: 42522 | F25: 42552 | G25: 42583 | H25: 42614 | I25: 42644 | J25: 42675 | K25: 42705 | L25: 42736 | M25: 42767 | N25: 42795 | O25: 42826 | P25: 42856 | Q25: 42887 | R25: 42917 | S25: 42948 | T25: 42979 | U25: 43009 | V25: 43040 | W25: 43070 | X25: 43101 | Y25: 43132 | Z25: 43160 | AA25: 43191 | AB25: 43221 | AC25: 43696 | AD25: 43727 | AE25: 43739 | AF25: 43770 | AG25: 43800 | AH25: 43850 | AI25: 43881 | AJ25: 43910 | AK25: 43941 | AL25: 43971 | AM25: 44002 | AN25: 44032 | AO25: 44063 | AP25: 44095 | AQ25: 44125 | AR25: 44156 | AS25: 44186 | AT25: 44197 | AU25: 44229 | AV25: 44276 | AW25: 44307 | AX25: 44337 | AY25: 44368 | AZ25: 44398 | BA25: 44429 | BB25: 44460 | BC25: 44490 | BD25: 44521 | BE25: 44551 | BF25: 44583 | BG25: 44614 | BH25: 44642 | BI25: 44673 | BJ25: 44703 | BK25: 44734 | BL25: 44764 | BM25: 44795 | BN25: 44826 | BO25: 44856 | BP25: 44887 | BQ25: 44917 | BR25: 44948 | BS25: 44980 | BT25: 45008 | BU25: 45039 | BV25: 45069 | BW25: 45100 | BX25: 45130 | BY25: 45161 | BZ25: 45192 | CA25: 45222 | CB25: 45253 | CC25: 45283 | CD25: 45315 | CE25: 45346 | CF25: 45375 | CG25: 45406 | CH25: 45436 | CI25: 45467 | CJ25: 45497 | CK25: 45528 | CL25: 45559 | CM25: 45589 | CN25: 45621 | CO25: 45652 | CP25: 45684 | CQ25: 45716 | CR25: 45717 | CS25: 45749 | CT25: 45780 | CU25: 45812 | CV25: 45843 | CW25: 45875 | CX25: 45907 | CY25: 45938 | CZ25: 45970 | DA25: 46001 | DB25: 46033 | DC25: 46065 | DD25: 46094 | DE25: 46126 | DF25: 46157 | DG25: 46189 | DH25: 46220 | DI25: 46252 | DJ25: 46284 | DK25: 46296
A26: Existing Stock | B26: =B2*$DL2 -> 247000 | C26: =C2*$DL2 -> 314600 | D26: =D2*$DL2 -> 374400 | E26: =E2*$DL2 -> 132600 | F26: =F2*$DL2 -> 200200 | G26: =G2*$DL2 -> 668200 | H26: =H2*$DL2 -> 309400 | I26: =I2*$DL2 -> 148200 | ... K26: =K2*$DL2 -> 1242800 | L26: =L2*$DM2 -> 966600 | M26: =M2*$DM2 -> 1204200 | N26: =N2*$DM2 -> 353700 | O26: =O2*$DM2 -> 1171800 | P26: =P2*$DM2 -> 186300 | Q26: =Q2*$DM2 -> 186300 | R26: =R2*$DM2 -> 121500 | S26: =S2*$DM2 -> 513000 | ... W26: =W2*$DM2 -> 453600 | X26: =X2*$DN2 -> 47828 | Y26: =Y2*$DN2 -> 292403 | Z26: =Z2*$DN2 -> 428278 | AA26: =AA2*$DN2 -> 428278 | AB26: =AB2*$DN2 -> 348927 | AC26: =AC2*$DO2 -> 399988 | AD26: =AD2*$DO2 -> 289188 | AE26: =AE2*$DO2 -> 467576 | AF26: =AF2*$DO2 -> 115232 | AG26: =AG2*$DO2 -> 206088 | AH26: =AH2*$DP2 -> 49720 | AI26: =AI2*$DP2 -> 465560 | AJ26: =AJ2*$DP2 -> 127690 | AK26: =AK2*$DP2 -> 1130 | AL26: =AL2*$DP2 -> 189840 | AM26: =AM2*$DP2 -> 381940 | AN26: =AN2*$DP2 -> 21470 | AO26: =AO2*$DP2 -> 2260 | ... AS26: =AS2*$DP2 -> 77970 | AT26: =AT2*$DQ2 -> 111840 | AU26: =AU2*$DQ2 -> 252805 | AV26: =AV2*$DQ2 -> 17475 | AW26: =AW2*$DQ2 -> 16310 | AX26: =AX2*$DQ2 -> 0 | AY26: =AY2*$DQ2 -> 29125 | AZ26: =AZ2*$DQ2 -> 25630 | BA26: =BA2*$DQ2 -> 31455 | BB26: =BB2*$DQ2 -> 64075 | BC26: =BC2*$DR2 -> 54556 | BD26: =BD2*$DR2 -> 58114 | BE26: =BE2*$DR2 -> 42696 | BF26: =BF2*$DR2 -> 136390 | BG26: =BG2*$DR2 -> 5930 | BH26: =BH2*$DR2 -> 3558 | BI26: =BI2*$DR2 -> 10674 | BJ26: =BJ2*$DR2 -> 1186 | ... BN26: =BN2*$DR2 -> 340382 | BO26: =BO2*$DS2 -> 823200 | BP26: =BP2*$DS2 -> 830400 | BQ26: =BQ2*$DS2 -> 726000 | BR26: =BR2*$DS2 -> 1096800 | BS26: =BS2*$DS2 -> 505200 | BT26: =BT2*$DS2 -> 680400 | BU26: =BU2*$DS2 -> 897600 | BV26: =BV2*$DS2 -> 1231200 | ... BZ26: =BZ2*$DS2 -> 32400 | CA26: =CA2*$DT2 -> 0 | CB26: =CB2*$DT2 -> 0 | CC26: =CC2*$DT2 -> 20128 | CD26: =CD2*$DT2 -> 35224 | CE26: =CE2*$DT2 -> 5032 | CF26: =CF2*$DT2 -> 5032 | CG26: =CG2*$DT2 -> 2516 | CH26: =CH2*$DT2 -> 266696 | ... CL26: =CL2*$DT2 -> 997594 | CM26: =CM2*$DU2 -> 965874 | CN26: =CN2*$DU2 -> 456036 | CO26: =CO2*$DU2 -> 284382 | CP26: =CP2*$DU2 -> 313845 | CQ26: =CQ2*$DU2 -> 352275 | CR26: =CR2*$DU2 -> 342027 | CS26: =CS2*$DU2 -> 518805 | CT26: =CT2*$DU2 -> 293349 | ... DK26: =DK2*$DU2 -> 371490
A27: Reclamation | B27: =B3*$DL3 -> 192200 | C27: =C3*$DL3 -> 446400 | D27: =D3*$DL3 -> 2064600 | E27: =E3*$DL3 -> 322400 | F27: =F3*$DL3 -> 675800 | G27: =G3*$DL3 -> 967200 | H27: =H3*$DL3 -> 737800 | I27: =I3*$DL3 -> 372000 | ... K27: =K3*$DL3 -> 2269200 | L27: =L3*$DM3 -> 793800 | M27: =M3*$DM3 -> 1474200 | N27: =N3*$DM3 -> 346500 | O27: =O3*$DM3 -> 384300 | P27: =P3*$DM3 -> 522900 | Q27: =Q3*$DM3 -> 170100 | R27: =R3*$DM3 -> 459900 | S27: =S3*$DM3 -> 2608200 | ... W27: =W3*$DM3 -> 945000 | X27: =X3*$DN3 -> 929376 | Y27: =Y3*$DN3 -> 1427256 | Z27: =Z3*$DN3 -> 3794952 | AA27: =AA3*$DN3 -> 3794952 | AB27: =AB3*$DN3 -> 663840 | AC27: =AC3*$DO3 -> 2104466 | AD27: =AD3*$DO3 -> 1828008 | AE27: =AE3*$DO3 -> 2127034 | AF27: =AF3*$DO3 -> 1393574 | AG27: =AG3*$DO3 -> 1196104 | AH27: =AH3*$DP3 -> 414288 | AI27: =AI3*$DP3 -> 2704380 | AJ27: =AJ3*$DP3 -> 1271634 | AK27: =AK3*$DP3 -> 63294 | AL27: =AL3*$DP3 -> 425796 | AM27: =AM3*$DP3 -> 51786 | AN27: =AN3*$DP3 -> 138096 | AO27: =AO3*$DP3 -> 2157750 | ... AS27: =AS3*$DP3 -> 97818 | AT27: =AT3*$DQ3 -> 100776 | AU27: =AU3*$DQ3 -> 225264 | AV27: =AV3*$DQ3 -> 148200 | AW27: =AW3*$DQ3 -> 486096 | AX27: =AX3*$DQ3 -> 462384 | AY27: =AY3*$DQ3 -> 586872 | AZ27: =AZ3*$DQ3 -> 521664 | BA27: =BA3*$DQ3 -> 474240 | BB27: =BB3*$DQ3 -> 545376 | BC27: =BC3*$DR3 -> 603500 | BD27: =BD3*$DR3 -> 1327700 | BE27: =BE3*$DR3 -> 784550 | BF27: =BF3*$DR3 -> 350030 | BG27: =BG3*$DR3 -> 887145 | BH27: =BH3*$DR3 -> 506940 | BI27: =BI3*$DR3 -> 531080 | BJ27: =BJ3*$DR3 -> 301750 | ... BN27: =BN3*$DR3 -> 953530 | BO27: =BO3*$DS3 -> 1679425 | BP27: =BP3*$DS3 -> 635128 | BQ27: =BQ3*$DS3 -> 6107 | BR27: =BR3*$DS3 -> 12214 | BS27: =BS3*$DS3 -> 73284 | BT27: =BT3*$DS3 -> 24428 | BU27: =BU3*$DS3 -> 1032083 | BV27: =BV3*$DS3 -> 225959 | ... BZ27: =BZ3*$DS3 -> 305350 | CA27: =CA3*$DT3 -> 115182 | CB27: =CB3*$DT3 -> 0 | CC27: =CC3*$DT3 -> 428733 | CD27: =CD3*$DT3 -> 607905 | CE27: =CE3*$DT3 -> 2086074 | CF27: =CF3*$DT3 -> 761481 | CG27: =CG3*$DT3 -> 185571 | CH27: =CH3*$DT3 -> 607905 | ... CL27: =CL3*$DT3 -> 2111670 | CM27: =CM3*$DU3 -> 1407024 | CN27: =CN3*$DU3 -> 1257202 | CO27: =CO3*$DU3 -> 736082 | CP27: =CP3*$DU3 -> 1068296 | CQ27: =CQ3*$DU3 -> 482036 | CR27: =CR3*$DU3 -> 696998 | CS27: =CS3*$DU3 -> 1231146 | CT27: =CT3*$DU3 -> 683970 | ... DK27: =DK3*$DU3 -> 1915116
A28: Alternate | B28: =B4*$DL4 -> 194400 | C28: =C4*$DL4 -> 259200 | D28: =D4*$DL4 -> 550800 | E28: =E4*$DL4 -> 129600 | F28: =F4*$DL4 -> 340200 | G28: =G4*$DL4 -> 437400 | H28: =H4*$DL4 -> 453600 | I28: =I4*$DL4 -> 534600 | ... K28: =K4*$DL4 -> 729000 | L28: =L4*$DM4 -> 132000 | M28: =M4*$DM4 -> 990000 | N28: =N4*$DM4 -> 132000 | O28: =O4*$DM4 -> 99000 | P28: =P4*$DM4 -> 214500 | Q28: =Q4*$DM4 -> 214500 | R28: =R4*$DM4 -> 511500 | S28: =S4*$DM4 -> 148500 | ... W28: =W4*$DM4 -> 16500 | X28: =X4*$DN4 -> 39888 | Y28: =Y4*$DN4 -> 53184 | Z28: =Z4*$DN4 -> 93072 | AA28: =AA4*$DN4 -> 93072 | AB28: =AB4*$DN4 -> 0 | AC28: =AC4*$DO4 -> 0 | AD28: =AD4*$DO4 -> 27122 | AE28: =AE4*$DO4 -> 0 | AF28: =AF4*$DO4 -> 0 | AG28: =AG4*$DO4 -> 0 | AH28: =AH4*$DP4 -> 0 | AI28: =AI4*$DP4 -> 0 | AJ28: =AJ4*$DP4 -> 0 | AK28: =AK4*$DP4 -> 0 | AL28: =AL4*$DP4 -> 0 | AM28: =AM4*$DP4 -> 0 | AN28: =AN4*$DP4 -> 0 | AO28: =AO4*$DP4 -> 0 | ... AS28: =AS4*$DP4 -> 0 | AT28: =AT4*$DQ4 -> 0 | AU28: =AU4*$DQ4 -> 0 | AV28: =AV4*$DQ4 -> 0 | AW28: =AW4*$DQ4 -> 0 | AX28: =AX4*$DQ4 -> 0 | AY28: =AY4*$DQ4 -> 0 | AZ28: =AZ4*$DQ4 -> 0 | BA28: =BA4*$DQ4 -> 0 | BB28: =BB4*$DQ4 -> 0 | BC28: =BC4*$DR4 -> 0 | BD28: =BD4*$DR4 -> 0 | BE28: =BE4*$DR4 -> 0 | BF28: =BF4*$DR4 -> 0 | BG28: =BG4*$DR4 -> 0 | BH28: =BH4*$DR4 -> 0 | BI28: =BI4*$DR4 -> 0 | BJ28: =BJ4*$DR4 -> 0 | ... BN28: =BN4*$DR4 -> 0 | BO28: =BO4*$DS4 -> 0 | BP28: =BP4*$DS4 -> 0 | BQ28: =BQ4*$DS4 -> 0 | BR28: =BR4*$DS4 -> 0 | BS28: =BS4*$DS4 -> 0 | BT28: =BT4*$DS4 -> 0 | BU28: =BU4*$DS4 -> 0 | BV28: =BV4*$DS4 -> 0 | ... BZ28: =BZ4*$DS4 -> 0 | CA28: =CA4*$DT4 -> 0 | CB28: =CB4*$DT4 -> 0 | CC28: =CC4*$DT4 -> 0 | CD28: =CD4*$DT4 -> 0 | CE28: =CE4*$DT4 -> 0 | CF28: =CF4*$DT4 -> 0 | CG28: =CG4*$DT4 -> 0 | CH28: =CH4*$DT4 -> 0 | ... CL28: =CL4*$DT4 -> 0 | CM28: =CM4*$DU4 -> 0 | CN28: =CN4*$DU4 -> 0 | CO28: =CO4*$DU4 -> 0 | CP28: =CP4*$DU4 -> 0 | CQ28: =CQ4*$DU4 -> 0 | CR28: =CR4*$DU4 -> 0 | CS28: =CS4*$DU4 -> 0 | CT28: =CT4*$DU4 -> 0 | ... DK28: =DK4*$DU4 -> 0
A29: Substitution | B29: =B5*$DL5 -> 80800 | C29: =C5*$DL5 -> 121200 | D29: =D5*$DL5 -> 0 | E29: =E5*$DL5 -> 0 | F29: =F5*$DL5 -> 0 | G29: =G5*$DL5 -> 40400 | H29: =H5*$DL5 -> 242400 | I29: =I5*$DL5 -> 161600 | ... K29: =K5*$DL5 -> 282800 | L29: =L5*$DM5 -> 288400 | M29: =M5*$DM5 -> 576800 | N29: =N5*$DM5 -> 206000 | O29: =O5*$DM5 -> 82400 | P29: =P5*$DM5 -> 453200 | Q29: =Q5*$DM5 -> 288400 | R29: =R5*$DM5 -> 123600 | S29: =S5*$DM5 -> 494400 | ... W29: =W5*$DM5 -> 0 | X29: =X5*$DN5 -> 0 | Y29: =Y5*$DN5 -> 26860 | Z29: =Z5*$DN5 -> 107440 | AA29: =AA5*$DN5 -> 107440 | AB29: =AB5*$DN5 -> 0 | AC29: =AC5*$DO5 -> 0 | AD29: =AD5*$DO5 -> 0 | AE29: =AE5*$DO5 -> 0 | AF29: =AF5*$DO5 -> 0 | AG29: =AG5*$DO5 -> 0 | AH29: =AH5*$DP5 -> 0 | AI29: =AI5*$DP5 -> 0 | AJ29: =AJ5*$DP5 -> 0 | AK29: =AK5*$DP5 -> 0 | AL29: =AL5*$DP5 -> 0 | AM29: =AM5*$DP5 -> 0 | AN29: =AN5*$DP5 -> 0 | AO29: =AO5*$DP5 -> 0 | ... AS29: =AS5*$DP5 -> 0 | AT29: =AT5*$DQ5 -> 0 | AU29: =AU5*$DQ5 -> 0 | AV29: =AV5*$DQ5 -> 0 | AW29: =AW5*$DQ5 -> 0 | AX29: =AX5*$DQ5 -> 0 | AY29: =AY5*$DQ5 -> 0 | AZ29: =AZ5*$DQ5 -> 0 | BA29: =BA5*$DQ5 -> 0 | BB29: =BB5*$DQ5 -> 0 | BC29: =BC5*$DR5 -> 0 | BD29: =BD5*$DR5 -> 0 | BE29: =BE5*$DR5 -> 0 | BF29: =BF5*$DR5 -> 0 | BG29: =BG5*$DR5 -> 0 | BH29: =BH5*$DR5 -> 0 | BI29: =BI5*$DR5 -> 0 | BJ29: =BJ5*$DR5 -> 0 | ... BN29: =BN5*$DR5 -> 0 | BO29: =BO5*$DS5 -> 0 | BP29: =BP5*$DS5 -> 0 | BQ29: =BQ5*$DS5 -> 0 | BR29: =BR5*$DS5 -> 0 | BS29: =BS5*$DS5 -> 0 | BT29: =BT5*$DS5 -> 0 | BU29: =BU5*$DS5 -> 0 | BV29: =BV5*$DS5 -> 0 | ... BZ29: =BZ5*$DS5 -> 0 | CA29: =CA5*$DT5 -> 0 | CB29: =CB5*$DT5 -> 0 | CC29: =CC5*$DT5 -> 0 | CD29: =CD5*$DT5 -> 0 | CE29: =CE5*$DT5 -> 0 | CF29: =CF5*$DT5 -> 0 | CG29: =CG5*$DT5 -> 0 | CH29: =CH5*$DT5 -> 0 | ... CL29: =CL5*$DT5 -> 0 | CM29: =CM5*$DU5 -> 0 | CN29: =CN5*$DU5 -> 0 | CO29: =CO5*$DU5 -> 0 | CP29: =CP5*$DU5 -> 0 | CQ29: =CQ5*$DU5 -> 0 | CR29: =CR5*$DU5 -> 0 | CS29: =CS5*$DU5 -> 0 | CT29: =CT5*$DU5 -> 0 | ... DK29: =DK5*$DU5 -> 0
A30: After Market | B30: =B6*$DL6 -> 57000 | C30: =C6*$DL6 -> 199500 | D30: =D6*$DL6 -> 285000 | E30: =E6*$DL6 -> 57000 | F30: =F6*$DL6 -> 370500 | G30: =G6*$DL6 -> 28500 | H30: =H6*$DL6 -> 114000 | I30: =I6*$DL6 -> 0 | ... K30: =K6*$DL6 -> 342000 | L30: =L6*$DM6 -> 58200 | M30: =M6*$DM6 -> 174600 | N30: =N6*$DM6 -> 58200 | O30: =O6*$DM6 -> 145500 | P30: =P6*$DM6 -> 2910000 | Q30: =Q6*$DM6 -> 960300 | R30: =R6*$DM6 -> 1105800 | S30: =S6*$DM6 -> 1746000 | ... W30: =W6*$DM6 -> 4015800 | X30: =X6*$DN6 -> 0 | Y30: =Y6*$DN6 -> 0 | Z30: =Z6*$DN6 -> 0 | AA30: =AA6*$DN6 -> 0 | AB30: =AB6*$DN6 -> 0 | AC30: =AC6*$DO6 -> 0 | AD30: =AD6*$DO6 -> 0 | AE30: =AE6*$DO6 -> 0 | AF30: =AF6*$DO6 -> 0 | AG30: =AG6*$DO6 -> 0 | AH30: =AH6*$DP6 -> 0 | AI30: =AI6*$DP6 -> 0 | AJ30: =AJ6*$DP6 -> 0 | AK30: =AK6*$DP6 -> 0 | AL30: =AL6*$DP6 -> 0 | AM30: =AM6*$DP6 -> 0 | AN30: =AN6*$DP6 -> 0 | AO30: =AO6*$DP6 -> 0 | ... AS30: =AS6*$DP6 -> 0 | AT30: =AT6*$DQ6 -> 0 | AU30: =AU6*$DQ6 -> 0 | AV30: =AV6*$DQ6 -> 0 | AW30: =AW6*$DQ6 -> 0 | AX30: =AX6*$DQ6 -> 0 | AY30: =AY6*$DQ6 -> 0 | AZ30: =AZ6*$DQ6 -> 0 | BA30: =BA6*$DQ6 -> 0 | BB30: =BB6*$DQ6 -> 0 | BC30: =BC6*$DR6 -> 0 | BD30: =BD6*$DR6 -> 0 | BE30: =BE6*$DR6 -> 0 | BF30: =BF6*$DR6 -> 0 | BG30: =BG6*$DR6 -> 0 | BH30: =BH6*$DR6 -> 0 | BI30: =BI6*$DR6 -> 0 | BJ30: =BJ6*$DR6 -> 0 | ... BN30: =BN6*$DR6 -> 0 | BO30: =BO6*$DS6 -> 0 | BP30: =BP6*$DS6 -> 0 | BQ30: =BQ6*$DS6 -> 0 | BR30: =BR6*$DS6 -> 0 | BS30: =BS6*$DS6 -> 0 | BT30: =BT6*$DS6 -> 0 | BU30: =BU6*$DS6 -> 0 | BV30: =BV6*$DS6 -> 0 | ... BZ30: =BZ6*$DS6 -> 0 | CA30: =CA6*$DT6 -> 0 | CB30: =CB6*$DT6 -> 0 | CC30: =CC6*$DT6 -> 0 | CD30: =CD6*$DT6 -> 0 | CE30: =CE6*$DT6 -> 0 | CF30: =CF6*$DT6 -> 0 | CG30: =CG6*$DT6 -> 0 | CH30: =CH6*$DT6 -> 0 | ... CL30: =CL6*$DT6 -> 0 | CM30: =CM6*$DU6 -> 0 | CN30: =CN6*$DU6 -> 0 | CO30: =CO6*$DU6 -> 0 | CP30: =CP6*$DU6 -> 0 | CQ30: =CQ6*$DU6 -> 0 | CR30: =CR6*$DU6 -> 0 | CS30: =CS6*$DU6 -> 0 | CT30: =CT6*$DU6 -> 0 | ... DK30: =DK6*$DU6 -> 0
A31: Emulation | B31: =B7*$DL7 -> 0 | C31: =C7*$DL7 -> 0 | D31: =D7*$DL7 -> 0 | E31: =E7*$DL7 -> 0 | F31: =F7*$DL7 -> 0 | G31: =G7*$DL7 -> 0 | H31: =H7*$DL7 -> 0 | I31: =I7*$DL7 -> 0 | ... K31: =K7*$DL7 -> 0 | L31: =L7*$DM7 -> 0 | M31: =M7*$DM7 -> 60600 | N31: =N7*$DM7 -> 0 | O31: =O7*$DM7 -> 0 | P31: =P7*$DM7 -> 0 | Q31: =Q7*$DM7 -> 0 | R31: =R7*$DM7 -> 0 | S31: =S7*$DM7 -> 0 | ... W31: =W7*$DM7 -> 0 | X31: =X7*$DN7 -> 0 | Y31: =Y7*$DN7 -> 0 | Z31: =Z7*$DN7 -> 0 | AA31: =AA7*$DN7 -> 0 | AB31: =AB7*$DN7 -> 0 | AC31: =AC7*$DO7 -> 0 | AD31: =AD7*$DO7 -> 0 | AE31: =AE7*$DO7 -> 0 | AF31: =AF7*$DO7 -> 0 | AG31: =AG7*$DO7 -> 0 | AH31: =AH7*$DP7 -> 0 | AI31: =AI7*$DP7 -> 0 | AJ31: =AJ7*$DP7 -> 0 | AK31: =AK7*$DP7 -> 0 | AL31: =AL7*$DP7 -> 0 | AM31: =AM7*$DP7 -> 0 | AN31: =AN7*$DP7 -> 0 | AO31: =AO7*$DP7 -> 0 | ... AS31: =AS7*$DP7 -> 0 | AT31: =AT7*$DQ7 -> 0 | AU31: =AU7*$DQ7 -> 0 | AV31: =AV7*$DQ7 -> 0 | AW31: =AW7*$DQ7 -> 0 | AX31: =AX7*$DQ7 -> 0 | AY31: =AY7*$DQ7 -> 0 | AZ31: =AZ7*$DQ7 -> 0 | BA31: =BA7*$DQ7 -> 0 | BB31: =BB7*$DQ7 -> 0 | BC31: =BC7*$DR7 -> 0 | BD31: =BD7*$DR7 -> 0 | BE31: =BE7*$DR7 -> 0 | BF31: =BF7*$DR7 -> 0 | BG31: =BG7*$DR7 -> 0 | BH31: =BH7*$DR7 -> 0 | BI31: =BI7*$DR7 -> 0 | BJ31: =BJ7*$DR7 -> 0 | ... BN31: =BN7*$DR7 -> 0 | BO31: =BO7*$DS7 -> 0 | BP31: =BP7*$DS7 -> 0 | BQ31: =BQ7*$DS7 -> 0 | BR31: =BR7*$DS7 -> 0 | BS31: =BS7*$DS7 -> 0 | BT31: =BT7*$DS7 -> 0 | BU31: =BU7*$DS7 -> 0 | BV31: =BV7*$DS7 -> 0 | ... BZ31: =BZ7*$DS7 -> 0 | CA31: =CA7*$DT7 -> 0 | CB31: =CB7*$DT7 -> 0 | CC31: =CC7*$DT7 -> 0 | CD31: =CD7*$DT7 -> 0 | CE31: =CE7*$DT7 -> 0 | CF31: =CF7*$DT7 -> 0 | CG31: =CG7*$DT7 -> 0 | CH31: =CH7*$DT7 -> 0 | ... CL31: =CL7*$DT7 -> 0 | CM31: =CM7*$DU7 -> 0 | CN31: =CN7*$DU7 -> 0 | CO31: =CO7*$DU7 -> 0 | CP31: =CP7*$DU7 -> 0 | CQ31: =CQ7*$DU7 -> 0 | CR31: =CR7*$DU7 -> 0 | CS31: =CS7*$DU7 -> 0 | CT31: =CT7*$DU7 -> 0 | ... DK31: =DK7*$DU7 -> 0
A32: Volume of Cost Avoidance | B32: =SUM(B26:B31) -> 771400 | C32: =SUM(C26:C31) -> 1340900 | D32: =SUM(D26:D31) -> 3274800 | E32: =SUM(E26:E31) -> 641600 | F32: =SUM(F26:F31) -> 1586700 | G32: =SUM(G26:G31) -> 2141700 | H32: =SUM(H26:H31) -> 1857200 | I32: =SUM(I26:I31) -> 1216400 | ... DK32: =SUM(DK26:DK31) -> 2286606
